x,y
/datasets_small/graph_images_cr/cr0_gi0.png,"{5: [(5, 36), (5, 79)], 27: [(27, 32), (27, 72), (27, 79), (27, 85)], 30: [(30, 64)], 32: [(27, 32), (32, 74), (32, 78), (32, 85)], 33: [(33, 38), (33, 45), (33, 72), (33, 78), (33, 79), (33, 85)], 36: [(5, 36), (36, 38), (36, 72), (36, 79)], 38: [(33, 38), (36, 38), (38, 65)], 43: [(43, 43), (43, 64), (43, 65)], 45: [(33, 45), (45, 45), (45, 79)], 63: [], 64: [(30, 64), (43, 64), (64, 79)], 65: [(38, 65), (43, 65), (65, 65), (65, 74), (65, 78)], 72: [(27, 72), (33, 72), (36, 72), (72, 79)], 74: [(32, 74), (65, 74), (74, 79), (74, 85)], 78: [(32, 78), (33, 78), (65, 78), (78, 85)], 79: [(5, 79), (27, 79), (33, 79), (36, 79), (45, 79), (64, 79), (72, 79), (74, 79), (79, 85)], 85: [(27, 85), (32, 85), (33, 85), (74, 85), (78, 85), (79, 85)]}"
/datasets_small/graph_images_cr/cr0_gi1.png,"{84: [(84, 84)]}"
/datasets_small/graph_images_cr/cr0_gi2.png,"{5: [], 14: [], 32: [], 42: [], 45: [], 49: [], 53: [], 61: [], 62: [], 83: [], 87: []}"
/datasets_small/graph_images_cr/cr0_gi3.png,"{4: [(4, 9), (4, 10), (4, 17), (4, 27), (4, 69), (4, 87)], 9: [(4, 9), (9, 9), (9, 10), (9, 17), (9, 27), (9, 69), (9, 87)], 10: [(4, 10), (9, 10), (10, 10), (10, 17), (10, 27), (10, 69), (10, 87)], 17: [(4, 17), (9, 17), (10, 17), (17, 27), (17, 69), (17, 87)], 27: [(4, 27), (9, 27), (10, 27), (17, 27), (27, 27), (27, 69), (27, 87)], 69: [(4, 69), (9, 69), (10, 69), (17, 69), (27, 69), (69, 69), (69, 87)], 87: [(4, 87), (9, 87), (10, 87), (17, 87), (27, 87), (69, 87), (87, 87)]}"
/datasets_small/graph_images_cr/cr0_gi4.png,"{9: [(9, 43)], 10: [(10, 98)], 15: [(15, 26), (15, 33), (15, 98)], 24: [], 26: [(15, 26)], 28: [(28, 54)], 33: [(15, 33)], 37: [(37, 55)], 39: [], 43: [(9, 43), (43, 54)], 52: [(52, 65)], 54: [(28, 54), (43, 54), (54, 55), (54, 65)], 55: [(37, 55), (54, 55)], 60: [(60, 60)], 65: [(52, 65), (54, 65), (65, 85)], 82: [], 83: [], 85: [(65, 85)], 86: [(86, 98)], 89: [], 98: [(10, 98), (15, 98), (86, 98)]}"
/datasets_small/graph_images_cr/cr0_gi5.png,"{2: [(2, 39), (2, 44), (2, 57), (2, 64), (2, 78), (2, 81), (2, 89)], 3: [(3, 29), (3, 44), (3, 65), (3, 68), (3, 85)], 12: [(12, 57), (12, 77), (12, 78)], 17: [(17, 29), (17, 41), (17, 44), (17, 64), (17, 82), (17, 89)], 22: [(22, 29), (22, 30), (22, 38), (22, 94)], 29: [(3, 29), (17, 29), (22, 29), (29, 32), (29, 81), (29, 89), (29, 94)], 30: [(22, 30), (30, 36), (30, 59), (30, 67), (30, 94)], 32: [(29, 32), (32, 44), (32, 52), (32, 68)], 36: [(30, 36), (36, 59), (36, 78), (36, 82)], 38: [(22, 38), (38, 44), (38, 57), (38, 67)], 39: [(2, 39), (39, 57), (39, 64), (39, 65), (39, 68)], 41: [(17, 41), (41, 52), (41, 53), (41, 64), (41, 68), (41, 78)], 44: [(2, 44), (3, 44), (17, 44), (32, 44), (38, 44), (44, 52), (44, 53)], 52: [(32, 52), (41, 52), (44, 52), (52, 64), (52, 67), (52, 89)], 53: [(41, 53), (44, 53)], 57: [(2, 57), (12, 57), (38, 57), (39, 57), (57, 68), (57, 77), (57, 78)], 59: [(30, 59), (36, 59), (59, 64), (59, 68)], 64: [(2, 64), (17, 64), (39, 64), (41, 64), (52, 64), (59, 64), (64, 78)], 65: [(3, 65), (39, 65), (65, 81), (65, 89)], 67: [(30, 67), (38, 67), (52, 67), (67, 81)], 68: [(3, 68), (32, 68), (39, 68), (41, 68), (57, 68), (59, 68), (68, 78)], 77: [(12, 77), (57, 77), (77, 89)], 78: [(2, 78), (12, 78), (36, 78), (41, 78), (57, 78), (64, 78), (68, 78), (78, 85)], 81: [(2, 81), (29, 81), (65, 81), (67, 81)], 82: [(17, 82), (36, 82), (82, 82), (82, 85)], 85: [(3, 85), (78, 85), (82, 85)], 89: [(2, 89), (17, 89), (29, 89), (52, 89), (65, 89), (77, 89)], 94: [(22, 94), (29, 94), (30, 94)]}"
/datasets_small/graph_images_cr/cr0_gi6.png,"{6: [(6, 9), (6, 38), (6, 46), (6, 65), (6, 85)], 7: [(7, 9), (7, 20), (7, 43), (7, 65), (7, 77), (7, 82)], 8: [(8, 20), (8, 43), (8, 46), (8, 65)], 9: [(6, 9), (7, 9), (9, 12), (9, 14), (9, 38), (9, 65), (9, 66), (9, 77), (9, 85)], 12: [(9, 12), (12, 12), (12, 46), (12, 49), (12, 52), (12, 56), (12, 66), (12, 72)], 14: [(9, 14), (14, 52), (14, 65), (14, 66), (14, 82)], 19: [(19, 38), (19, 41), (19, 46), (19, 55), (19, 56), (19, 63), (19, 77), (19, 85)], 20: [(7, 20), (8, 20), (20, 46), (20, 82)], 29: [(29, 38), (29, 46), (29, 52), (29, 72), (29, 82)], 38: [(6, 38), (9, 38), (19, 38), (29, 38), (38, 46), (38, 49), (38, 52), (38, 56), (38, 66), (38, 85)], 41: [(19, 41), (41, 43), (41, 52), (41, 82)], 43: [(7, 43), (8, 43), (41, 43), (43, 52), (43, 55), (43, 63), (43, 77)], 46: [(6, 46), (8, 46), (12, 46), (19, 46), (20, 46), (29, 46), (38, 46), (46, 46), (46, 77)], 49: [(12, 49), (38, 49)], 52: [(12, 52), (14, 52), (29, 52), (38, 52), (41, 52), (43, 52), (52, 65)], 55: [(19, 55), (43, 55), (55, 77)], 56: [(12, 56), (19, 56), (38, 56), (56, 63), (56, 72), (56, 82)], 63: [(19, 63), (43, 63), (56, 63), (63, 72), (63, 85)], 65: [(6, 65), (7, 65), (8, 65), (9, 65), (14, 65), (52, 65), (65, 82)], 66: [(9, 66), (12, 66), (14, 66), (38, 66)], 72: [(12, 72), (29, 72), (56, 72), (63, 72), (72, 77)], 77: [(7, 77), (9, 77), (19, 77), (43, 77), (46, 77), (55, 77), (72, 77), (77, 77)], 82: [(7, 82), (14, 82), (20, 82), (29, 82), (41, 82), (56, 82), (65, 82), (82, 82), (82, 85)], 85: [(6, 85), (9, 85), (19, 85), (38, 85), (63, 85), (82, 85)]}"
/datasets_small/graph_images_cr/cr0_gi7.png,"{0: [(0, 0), (0, 18), (0, 24), (0, 83)], 3: [(3, 18), (3, 25), (3, 50), (3, 57), (3, 68), (3, 86)], 6: [(6, 36), (6, 55), (6, 83), (6, 86)], 16: [(16, 31), (16, 78), (16, 97)], 18: [(0, 18), (3, 18), (18, 36), (18, 69), (18, 97)], 24: [(0, 24), (24, 31), (24, 36), (24, 50), (24, 68)], 25: [(3, 25), (25, 36), (25, 48), (25, 55), (25, 86)], 31: [(16, 31), (24, 31), (31, 55), (31, 70), (31, 80), (31, 86)], 36: [(6, 36), (18, 36), (24, 36), (25, 36), (36, 36), (36, 57), (36, 78)], 48: [(25, 48), (48, 62), (48, 63), (48, 78), (48, 86)], 50: [(3, 50), (24, 50), (50, 55), (50, 57), (50, 63), (50, 78)], 55: [(6, 55), (25, 55), (31, 55), (50, 55), (55, 63), (55, 68), (55, 83)], 57: [(3, 57), (36, 57), (50, 57), (57, 57), (57, 68), (57, 69), (57, 86)], 62: [(48, 62), (62, 80), (62, 86)], 63: [(48, 63), (50, 63), (55, 63)], 68: [(3, 68), (24, 68), (55, 68), (57, 68), (68, 70), (68, 97)], 69: [(18, 69), (57, 69), (69, 96), (69, 97)], 70: [(31, 70), (68, 70), (70, 78)], 78: [(16, 78), (36, 78), (48, 78), (50, 78), (70, 78), (78, 86)], 80: [(31, 80), (62, 80), (80, 97)], 83: [(0, 83), (6, 83), (55, 83), (83, 86)], 86: [(3, 86), (6, 86), (25, 86), (31, 86), (48, 86), (57, 86), (62, 86), (78, 86), (83, 86)], 96: [(69, 96)], 97: [(16, 97), (18, 97), (68, 97), (69, 97), (80, 97)]}"
/datasets_small/graph_images_cr/cr0_gi8.png,"{14: [(14, 14), (14, 48), (14, 55), (14, 62)], 16: [(16, 16), (16, 62), (16, 64)], 48: [(14, 48), (48, 48), (48, 55), (48, 64)], 55: [(14, 55), (48, 55), (55, 55), (55, 64), (55, 91)], 62: [(14, 62), (16, 62), (62, 62), (62, 64), (62, 91)], 64: [(16, 64), (48, 64), (55, 64), (62, 64), (64, 91)], 91: [(55, 91), (62, 91), (64, 91), (91, 91)]}"
/datasets_small/graph_images_cr/cr0_gi9.png,"{0: [(0, 28)], 2: [(2, 10)], 3: [], 4: [], 5: [], 7: [(7, 45), (7, 59), (7, 61), (7, 84)], 8: [], 10: [(2, 10)], 11: [], 13: [(13, 38), (13, 61)], 16: [(16, 42)], 18: [(18, 45)], 21: [], 28: [(0, 28)], 29: [], 36: [(36, 36), (36, 53)], 38: [(13, 38)], 42: [(16, 42)], 45: [(7, 45), (18, 45)], 48: [], 49: [], 50: [], 52: [], 53: [(36, 53)], 56: [], 57: [], 58: [], 59: [(7, 59)], 61: [(7, 61), (13, 61)], 63: [], 66: [], 68: [], 73: [], 81: [], 83: [], 84: [(7, 84)], 93: [], 96: []}"
/datasets_small/graph_images_cr/cr0_gi10.png,"{14: [], 15: [(15, 47)], 16: [], 24: [], 29: [], 37: [], 43: [], 46: [], 47: [(15, 47)], 48: [], 53: [], 60: [], 68: [], 70: [], 72: [], 79: [], 82: [], 91: [], 96: []}"
/datasets_small/graph_images_cr/cr0_gi11.png,"{10: [(10, 10), (10, 59), (10, 63), (10, 73), (10, 92)], 59: [(10, 59), (59, 59), (59, 63), (59, 92)], 63: [(10, 63), (59, 63), (63, 63), (63, 73), (63, 92)], 73: [(10, 73), (63, 73), (73, 73), (73, 92)], 92: [(10, 92), (59, 92), (63, 92), (73, 92), (92, 92)]}"
/datasets_small/graph_images_cr/cr0_gi12.png,"{1: [(1, 36), (1, 75)], 10: [(10, 41), (10, 73), (10, 75), (10, 83)], 16: [(16, 36)], 20: [(20, 72)], 36: [(1, 36), (16, 36), (36, 75), (36, 78)], 41: [(10, 41), (41, 52), (41, 72), (41, 83)], 52: [(41, 52), (52, 78)], 60: [(60, 78)], 72: [(20, 72), (41, 72), (72, 78), (72, 83), (72, 99)], 73: [(10, 73)], 75: [(1, 75), (10, 75), (36, 75), (75, 75)], 78: [(36, 78), (52, 78), (60, 78), (72, 78)], 83: [(10, 83), (41, 83), (72, 83)], 95: [], 99: [(72, 99)]}"
/datasets_small/graph_images_cr/cr0_gi13.png,"{0: [(0, 42), (0, 62), (0, 96)], 5: [(5, 54)], 20: [(20, 38), (20, 40), (20, 42), (20, 62)], 26: [(26, 57)], 36: [(36, 40), (36, 42), (36, 54), (36, 57), (36, 68), (36, 69), (36, 84)], 37: [(37, 51), (37, 60), (37, 68), (37, 81)], 38: [(20, 38), (38, 81)], 40: [(20, 40), (36, 40)], 42: [(0, 42), (20, 42), (36, 42), (42, 84)], 43: [(43, 54)], 49: [(49, 68), (49, 81), (49, 84)], 51: [(37, 51), (51, 96)], 54: [(5, 54), (36, 54), (43, 54)], 57: [(26, 57), (36, 57), (57, 84)], 60: [(37, 60), (60, 60)], 62: [(0, 62), (20, 62), (62, 84)], 68: [(36, 68), (37, 68), (49, 68)], 69: [(36, 69)], 81: [(37, 81), (38, 81), (49, 81)], 84: [(36, 84), (42, 84), (49, 84), (57, 84), (62, 84)], 96: [(0, 96), (51, 96)]}"
/datasets_small/graph_images_cr/cr0_gi14.png,"{7: [(7, 10), (7, 30), (7, 41), (7, 46)], 10: [(7, 10), (10, 10), (10, 41), (10, 46), (10, 51), (10, 59), (10, 87)], 30: [(7, 30), (30, 41), (30, 46), (30, 69)], 41: [(7, 41), (10, 41), (30, 41), (41, 59), (41, 69), (41, 87), (41, 95)], 46: [(7, 46), (10, 46), (30, 46), (46, 46), (46, 59), (46, 87), (46, 95)], 51: [(10, 51), (51, 69), (51, 95)], 59: [(10, 59), (41, 59), (46, 59), (59, 95)], 69: [(30, 69), (41, 69), (51, 69), (69, 87)], 87: [(10, 87), (41, 87), (46, 87), (69, 87)], 95: [(41, 95), (46, 95), (51, 95), (59, 95)]}"
/datasets_small/graph_images_cr/cr0_gi15.png,"{0: [(0, 16), (0, 63), (0, 73), (0, 79), (0, 85)], 16: [(0, 16), (16, 16), (16, 28), (16, 63), (16, 73), (16, 79), (16, 85)], 28: [(16, 28), (28, 28), (28, 63), (28, 73), (28, 79), (28, 85)], 63: [(0, 63), (16, 63), (28, 63), (63, 63), (63, 73), (63, 79), (63, 85)], 73: [(0, 73), (16, 73), (28, 73), (63, 73), (73, 79), (73, 85)], 79: [(0, 79), (16, 79), (28, 79), (63, 79), (73, 79), (79, 79), (79, 85)], 85: [(0, 85), (16, 85), (28, 85), (63, 85), (73, 85), (79, 85), (85, 85)]}"
/datasets_small/graph_images_cr/cr0_gi16.png,"{7: [(7, 7), (7, 29), (7, 35), (7, 50), (7, 51), (7, 80)], 21: [(21, 21), (21, 29), (21, 35), (21, 50), (21, 51), (21, 80)], 29: [(7, 29), (21, 29), (29, 29), (29, 35), (29, 43), (29, 50), (29, 51), (29, 80)], 35: [(7, 35), (21, 35), (29, 35), (35, 35), (35, 43), (35, 50), (35, 51), (35, 80)], 43: [(29, 43), (35, 43), (43, 43), (43, 50), (43, 51), (43, 80)], 50: [(7, 50), (21, 50), (29, 50), (35, 50), (43, 50), (50, 50), (50, 51)], 51: [(7, 51), (21, 51), (29, 51), (35, 51), (43, 51), (50, 51), (51, 80)], 80: [(7, 80), (21, 80), (29, 80), (35, 80), (43, 80), (51, 80)]}"
/datasets_small/graph_images_cr/cr0_gi17.png,"{2: [], 6: [(6, 49)], 11: [], 26: [], 27: [], 28: [], 36: [(36, 77), (36, 91)], 46: [(46, 52), (46, 91)], 48: [], 49: [(6, 49), (49, 95)], 52: [(46, 52)], 56: [], 62: [], 70: [(70, 79)], 75: [], 76: [(76, 77)], 77: [(36, 77), (76, 77)], 79: [(70, 79)], 91: [(36, 91), (46, 91)], 95: [(49, 95)], 96: []}"
/datasets_small/graph_images_cr/cr0_gi18.png,"{0: [(0, 54), (0, 95)], 2: [(2, 14), (2, 30), (2, 36), (2, 55), (2, 63)], 12: [(12, 12), (12, 44), (12, 54), (12, 78), (12, 90), (12, 93)], 14: [(2, 14), (14, 23)], 20: [(20, 66), (20, 80)], 23: [(14, 23), (23, 30), (23, 63), (23, 66), (23, 87)], 30: [(2, 30), (23, 30), (30, 41), (30, 45), (30, 60), (30, 65), (30, 78)], 32: [(32, 79)], 36: [(2, 36), (36, 50), (36, 63), (36, 66), (36, 79), (36, 87), (36, 93)], 37: [(37, 63), (37, 85), (37, 87)], 41: [(30, 41), (41, 44), (41, 51), (41, 60), (41, 66), (41, 79), (41, 80), (41, 95)], 42: [], 44: [(12, 44), (41, 44), (44, 44), (44, 51), (44, 64), (44, 78), (44, 95)], 45: [(30, 45), (45, 46), (45, 64), (45, 78)], 46: [(45, 46), (46, 54), (46, 95)], 49: [], 50: [(36, 50), (50, 50), (50, 85), (50, 90)], 51: [(41, 51), (44, 51), (51, 70), (51, 85)], 54: [(0, 54), (12, 54), (46, 54), (54, 65), (54, 78), (54, 90)], 55: [(2, 55), (55, 70)], 60: [(30, 60), (41, 60), (60, 79)], 63: [(2, 63), (23, 63), (36, 63), (37, 63), (63, 64)], 64: [(44, 64), (45, 64), (63, 64), (64, 70), (64, 80)], 65: [(30, 65), (54, 65), (65, 70), (65, 78), (65, 90), (65, 93)], 66: [(20, 66), (23, 66), (36, 66), (41, 66), (66, 70), (66, 78)], 70: [(51, 70), (55, 70), (64, 70), (65, 70), (66, 70), (70, 87), (70, 95)], 78: [(12, 78), (30, 78), (44, 78), (45, 78), (54, 78), (65, 78), (66, 78)], 79: [(32, 79), (36, 79), (41, 79), (60, 79), (79, 85)], 80: [(20, 80), (41, 80), (64, 80), (80, 85)], 85: [(37, 85), (50, 85), (51, 85), (79, 85), (80, 85), (85, 93)], 87: [(23, 87), (36, 87), (37, 87), (70, 87)], 90: [(12, 90), (50, 90), (54, 90), (65, 90)], 93: [(12, 93), (36, 93), (65, 93), (85, 93)], 95: [(0, 95), (41, 95), (44, 95), (46, 95), (70, 95)]}"
/datasets_small/graph_images_cr/cr0_gi19.png,"{1: [(1, 44)], 2: [(2, 16), (2, 27), (2, 35), (2, 48), (2, 60), (2, 71)], 4: [(4, 44), (4, 82), (4, 89)], 5: [(5, 27), (5, 66)], 16: [(2, 16), (16, 27), (16, 28)], 27: [(2, 27), (5, 27), (16, 27), (27, 31), (27, 58), (27, 60), (27, 66), (27, 89)], 28: [(16, 28), (28, 52), (28, 66)], 31: [(27, 31), (31, 58)], 35: [(2, 35), (35, 38), (35, 71)], 38: [(35, 38), (38, 44)], 39: [(39, 44), (39, 50), (39, 52), (39, 71)], 44: [(1, 44), (4, 44), (38, 44), (39, 44), (44, 48), (44, 50), (44, 81)], 48: [(2, 48), (44, 48), (48, 50), (48, 71)], 50: [(39, 50), (44, 50), (48, 50)], 52: [(28, 52), (39, 52), (52, 66)], 58: [(27, 58), (31, 58), (58, 71), (58, 89)], 60: [(2, 60), (27, 60)], 62: [], 66: [(5, 66), (27, 66), (28, 66), (52, 66)], 71: [(2, 71), (35, 71), (39, 71), (48, 71), (58, 71), (71, 81), (71, 93)], 81: [(44, 81), (71, 81)], 82: [(4, 82)], 89: [(4, 89), (27, 89), (58, 89), (89, 89), (89, 91)], 91: [(89, 91)], 93: [(71, 93), (93, 93)]}"
/datasets_small/graph_images_cr/cr0_gi20.png,"{6: [(6, 83), (6, 93)], 8: [(8, 43), (8, 69), (8, 70)], 10: [(10, 37), (10, 83)], 16: [(16, 38), (16, 43), (16, 70)], 23: [(23, 37), (23, 62), (23, 70)], 37: [(10, 37), (23, 37), (37, 38), (37, 41), (37, 96)], 38: [(16, 38), (37, 38), (38, 96)], 41: [(37, 41), (41, 66), (41, 93)], 43: [(8, 43), (16, 43), (43, 70), (43, 83)], 62: [(23, 62), (62, 62), (62, 96)], 66: [(41, 66)], 69: [(8, 69), (69, 96)], 70: [(8, 70), (16, 70), (23, 70), (43, 70)], 83: [(6, 83), (10, 83), (43, 83)], 93: [(6, 93), (41, 93)], 96: [(37, 96), (38, 96), (62, 96), (69, 96)]}"
/datasets_small/graph_images_cr/cr0_gi21.png,"{17: [(17, 17), (17, 23), (17, 31), (17, 37), (17, 38), (17, 60), (17, 86)], 23: [(17, 23), (23, 23), (23, 37), (23, 38), (23, 60), (23, 86)], 31: [(17, 31), (31, 37), (31, 38), (31, 60), (31, 86)], 37: [(17, 37), (23, 37), (31, 37), (37, 37), (37, 38), (37, 60), (37, 86)], 38: [(17, 38), (23, 38), (31, 38), (37, 38), (38, 38), (38, 60), (38, 86)], 60: [(17, 60), (23, 60), (31, 60), (37, 60), (38, 60), (60, 60), (60, 86)], 86: [(17, 86), (23, 86), (31, 86), (37, 86), (38, 86), (60, 86)]}"
/datasets_small/graph_images_cr/cr0_gi22.png,"{0: [], 15: [(15, 17), (15, 32)], 16: [], 17: [(15, 17)], 25: [], 32: [(15, 32)], 37: [], 46: [], 52: [], 54: [], 60: [], 61: [], 66: [], 67: [], 77: [], 78: [], 91: [], 97: [], 99: []}"
/datasets_small/graph_images_cr/cr0_gi23.png,"{0: [(0, 90), (0, 98)], 1: [(1, 27), (1, 39), (1, 83)], 2: [(2, 31), (2, 46), (2, 94)], 3: [(3, 38), (3, 54), (3, 98)], 4: [(4, 31), (4, 46), (4, 66), (4, 80)], 5: [(5, 99)], 27: [(1, 27), (27, 31), (27, 95)], 31: [(2, 31), (4, 31), (27, 31), (31, 73), (31, 89)], 33: [(33, 56), (33, 67), (33, 73)], 34: [(34, 38), (34, 40), (34, 89), (34, 95), (34, 99)], 35: [(35, 39), (35, 65), (35, 76), (35, 94), (35, 95)], 38: [(3, 38), (34, 38), (38, 38), (38, 83), (38, 90)], 39: [(1, 39), (35, 39), (39, 94)], 40: [(34, 40), (40, 78), (40, 94), (40, 98)], 46: [(2, 46), (4, 46), (46, 80), (46, 95), (46, 98)], 52: [(52, 52)], 54: [(3, 54), (54, 80)], 55: [(55, 80)], 56: [(33, 56), (56, 78), (56, 89), (56, 90)], 65: [(35, 65)], 66: [(4, 66)], 67: [(33, 67), (67, 83), (67, 98)], 73: [(31, 73), (33, 73)], 76: [(35, 76), (76, 94), (76, 99)], 78: [(40, 78), (56, 78), (78, 90)], 80: [(4, 80), (46, 80), (54, 80), (55, 80), (80, 94)], 83: [(1, 83), (38, 83), (67, 83)], 89: [(31, 89), (34, 89), (56, 89)], 90: [(0, 90), (38, 90), (56, 90), (78, 90)], 94: [(2, 94), (35, 94), (39, 94), (40, 94), (76, 94), (80, 94)], 95: [(27, 95), (34, 95), (35, 95), (46, 95)], 98: [(0, 98), (3, 98), (40, 98), (46, 98), (67, 98), (98, 98), (98, 99)], 99: [(5, 99), (34, 99), (76, 99), (98, 99)]}"
/datasets_small/graph_images_cr/cr0_gi24.png,"{12: [(12, 35), (12, 43), (12, 55), (12, 59), (12, 72), (12, 89)], 34: [(34, 34), (34, 35), (34, 43), (34, 55), (34, 59), (34, 72), (34, 89), (34, 92)], 35: [(12, 35), (34, 35), (35, 43), (35, 55), (35, 72), (35, 89), (35, 92)], 43: [(12, 43), (34, 43), (35, 43), (43, 55), (43, 59), (43, 72), (43, 92)], 55: [(12, 55), (34, 55), (35, 55), (43, 55), (55, 55), (55, 59), (55, 72), (55, 89), (55, 92)], 59: [(12, 59), (34, 59), (43, 59), (55, 59), (59, 59), (59, 72), (59, 89), (59, 92)], 72: [(12, 72), (34, 72), (35, 72), (43, 72), (55, 72), (59, 72), (72, 72), (72, 89)], 89: [(12, 89), (34, 89), (35, 89), (55, 89), (59, 89), (72, 89), (89, 89), (89, 92)], 92: [(34, 92), (35, 92), (43, 92), (55, 92), (59, 92), (89, 92)]}"
/datasets_small/graph_images_cr/cr0_gi25.png,"{0: [(0, 28), (0, 30), (0, 47), (0, 58), (0, 93)], 2: [], 5: [(5, 36)], 9: [], 24: [], 26: [], 27: [], 28: [(0, 28), (28, 94)], 29: [], 30: [(0, 30), (30, 30), (30, 56), (30, 93)], 34: [(34, 36), (34, 53)], 36: [(5, 36), (34, 36)], 47: [(0, 47)], 53: [(34, 53)], 56: [(30, 56)], 58: [(0, 58), (58, 88)], 68: [], 71: [], 75: [], 83: [], 85: [(85, 85)], 88: [(58, 88), (88, 93)], 91: [], 93: [(0, 93), (30, 93), (88, 93)], 94: [(28, 94)], 96: []}"
/datasets_small/graph_images_cr/cr0_gi26.png,"{0: [(0, 39), (0, 72)], 3: [(3, 29), (3, 33), (3, 51), (3, 80)], 8: [(8, 17), (8, 29), (8, 36), (8, 39), (8, 51), (8, 52), (8, 97)], 13: [(13, 59)], 15: [(15, 72)], 17: [(8, 17), (17, 32), (17, 37), (17, 79), (17, 90)], 19: [(19, 32), (19, 46), (19, 92)], 22: [(22, 69), (22, 75), (22, 77), (22, 90)], 23: [(23, 29), (23, 69)], 29: [(3, 29), (8, 29), (23, 29), (29, 45), (29, 52), (29, 96)], 32: [(17, 32), (19, 32), (32, 98)], 33: [(3, 33), (33, 45), (33, 92), (33, 94)], 36: [(8, 36), (36, 37)], 37: [(17, 37), (36, 37), (37, 51), (37, 69), (37, 80)], 39: [(0, 39), (8, 39), (39, 72), (39, 79), (39, 85), (39, 92), (39, 97)], 45: [(29, 45), (33, 45), (45, 53), (45, 79)], 46: [(19, 46), (46, 59), (46, 69), (46, 76)], 51: [(3, 51), (8, 51), (37, 51), (51, 94)], 52: [(8, 52), (29, 52), (52, 71), (52, 96)], 53: [(45, 53), (53, 59)], 59: [(13, 59), (46, 59), (53, 59), (59, 86), (59, 99)], 69: [(22, 69), (23, 69), (37, 69), (46, 69), (69, 75), (69, 90)], 71: [(52, 71)], 72: [(0, 72), (15, 72), (39, 72), (72, 75), (72, 76), (72, 97)], 75: [(22, 75), (69, 75), (72, 75), (75, 99)], 76: [(46, 76), (72, 76)], 77: [(22, 77), (77, 97), (77, 99)], 79: [(17, 79), (39, 79), (45, 79), (79, 86)], 80: [(3, 80), (37, 80), (80, 90), (80, 92), (80, 99)], 82: [(82, 90)], 85: [(39, 85)], 86: [(59, 86), (79, 86), (86, 99)], 90: [(17, 90), (22, 90), (69, 90), (80, 90), (82, 90), (90, 96)], 92: [(19, 92), (33, 92), (39, 92), (80, 92), (92, 96), (92, 98)], 94: [(33, 94), (51, 94)], 96: [(29, 96), (52, 96), (90, 96), (92, 96), (96, 99)], 97: [(8, 97), (39, 97), (72, 97), (77, 97)], 98: [(32, 98), (92, 98), (98, 99)], 99: [(59, 99), (75, 99), (77, 99), (80, 99), (86, 99), (96, 99), (98, 99)]}"
/datasets_small/graph_images_cr/cr0_gi27.png,"{0: [(0, 58)], 2: [(2, 48)], 4: [(4, 13)], 7: [(7, 14)], 11: [], 12: [(12, 17)], 13: [(4, 13), (13, 57), (13, 67)], 14: [(7, 14), (14, 58)], 17: [(12, 17)], 22: [(22, 84)], 24: [], 27: [], 34: [(34, 42), (34, 96)], 37: [(37, 62)], 42: [(34, 42)], 48: [(2, 48)], 57: [(13, 57)], 58: [(0, 58), (14, 58), (58, 59)], 59: [(58, 59)], 60: [], 62: [(37, 62)], 64: [], 67: [(13, 67)], 71: [(71, 71), (71, 84)], 74: [], 79: [], 81: [], 84: [(22, 84), (71, 84), (84, 84)], 96: [(34, 96)]}"
/datasets_small/graph_images_cr/cr0_gi28.png,"{2: [(2, 6), (2, 10), (2, 35)], 5: [(5, 72)], 6: [(2, 6), (6, 40), (6, 49), (6, 81)], 10: [(2, 10), (10, 11), (10, 22), (10, 42)], 11: [(10, 11), (11, 29), (11, 87), (11, 90)], 12: [(12, 29), (12, 70)], 15: [(15, 49), (15, 72)], 16: [(16, 61), (16, 77), (16, 81)], 22: [(10, 22), (22, 40), (22, 49)], 29: [(11, 29), (12, 29), (29, 36), (29, 99)], 31: [(31, 60), (31, 92)], 35: [(2, 35), (35, 80)], 36: [(29, 36)], 39: [(39, 61), (39, 64)], 40: [(6, 40), (22, 40)], 42: [(10, 42), (42, 64), (42, 92)], 44: [(44, 70)], 45: [(45, 67), (45, 84)], 49: [(6, 49), (15, 49), (22, 49), (49, 67), (49, 79)], 59: [(59, 70)], 60: [(31, 60), (60, 84)], 61: [(16, 61), (39, 61)], 64: [(39, 64), (42, 64)], 67: [(45, 67), (49, 67), (67, 74)], 70: [(12, 70), (44, 70), (59, 70), (70, 72)], 72: [(5, 72), (15, 72), (70, 72)], 74: [(67, 74)], 77: [(16, 77)], 79: [(49, 79)], 80: [(35, 80)], 81: [(6, 81), (16, 81)], 84: [(45, 84), (60, 84)], 87: [(11, 87)], 90: [(11, 90)], 92: [(31, 92), (42, 92)], 99: [(29, 99)]}"
/datasets_small/graph_images_cr/cr0_gi29.png,"{82: [(82, 82), (82, 95)], 95: [(82, 95), (95, 95)]}"
/datasets_small/graph_images_cr/cr0_gi30.png,"{0: [(0, 16), (0, 26), (0, 46)], 2: [(2, 68)], 5: [(5, 93)], 14: [(14, 51), (14, 91)], 15: [], 16: [(0, 16), (16, 31), (16, 54)], 18: [(18, 53)], 26: [(0, 26), (26, 77)], 31: [(16, 31), (31, 54), (31, 91)], 34: [], 35: [(35, 53), (35, 54)], 38: [], 39: [(39, 92)], 41: [], 42: [], 46: [(0, 46)], 50: [(50, 79)], 51: [(14, 51), (51, 56)], 53: [(18, 53), (35, 53), (53, 68), (53, 79)], 54: [(16, 54), (31, 54), (35, 54), (54, 77)], 56: [(51, 56)], 61: [(61, 87)], 63: [], 64: [(64, 79)], 66: [(66, 91)], 68: [(2, 68), (53, 68), (68, 99)], 77: [(26, 77), (54, 77)], 79: [(50, 79), (53, 79), (64, 79)], 80: [], 87: [(61, 87), (87, 94)], 88: [(88, 93)], 91: [(14, 91), (31, 91), (66, 91)], 92: [(39, 92)], 93: [(5, 93), (88, 93)], 94: [(87, 94)], 99: [(68, 99)]}"
/datasets_small/graph_images_cr/cr0_gi31.png,"{2: [(2, 26), (2, 43)], 3: [(3, 52)], 4: [(4, 14)], 5: [(5, 49)], 7: [(7, 25), (7, 97)], 14: [(4, 14), (14, 51)], 15: [(15, 62)], 16: [(16, 26)], 19: [(19, 25), (19, 37)], 22: [], 25: [(7, 25), (19, 25), (25, 45), (25, 51)], 26: [(2, 26), (16, 26)], 27: [(27, 37)], 28: [], 37: [(19, 37), (27, 37), (37, 37)], 38: [(38, 43)], 41: [], 43: [(2, 43), (38, 43), (43, 70)], 45: [(25, 45), (45, 55)], 46: [], 47: [(47, 55)], 49: [(5, 49)], 50: [(50, 62)], 51: [(14, 51), (25, 51)], 52: [(3, 52)], 55: [(45, 55), (47, 55)], 58: [(58, 70)], 62: [(15, 62), (50, 62), (62, 93)], 65: [], 68: [], 70: [(43, 70), (58, 70)], 77: [], 93: [(62, 93)], 97: [(7, 97)]}"
/datasets_small/graph_images_cr/cr0_gi32.png,"{3: [(3, 34), (3, 63), (3, 73), (3, 75), (3, 77)], 4: [(4, 19), (4, 21), (4, 31), (4, 34), (4, 73), (4, 86), (4, 99)], 8: [(8, 19), (8, 63), (8, 73)], 9: [(9, 9), (9, 19), (9, 29), (9, 34), (9, 38), (9, 63), (9, 74), (9, 86)], 19: [(4, 19), (8, 19), (9, 19), (19, 31), (19, 33), (19, 62), (19, 77), (19, 86)], 21: [(4, 21), (21, 21), (21, 29), (21, 31), (21, 33), (21, 34), (21, 75), (21, 77), (21, 89)], 29: [(9, 29), (21, 29), (29, 34), (29, 77), (29, 99)], 31: [(4, 31), (19, 31), (21, 31), (31, 33), (31, 38), (31, 62), (31, 99)], 33: [(19, 33), (21, 33), (31, 33), (33, 73), (33, 75), (33, 89)], 34: [(3, 34), (4, 34), (9, 34), (21, 34), (29, 34), (34, 73)], 38: [(9, 38), (31, 38)], 62: [(19, 62), (31, 62), (62, 74), (62, 89)], 63: [(3, 63), (8, 63), (9, 63), (63, 63), (63, 74), (63, 75), (63, 99)], 73: [(3, 73), (4, 73), (8, 73), (33, 73), (34, 73), (73, 89)], 74: [(9, 74), (62, 74), (63, 74), (74, 86), (74, 99)], 75: [(3, 75), (21, 75), (33, 75), (63, 75), (75, 75)], 77: [(3, 77), (19, 77), (21, 77), (29, 77), (77, 86)], 86: [(4, 86), (9, 86), (19, 86), (74, 86), (77, 86)], 89: [(21, 89), (33, 89), (62, 89), (73, 89), (89, 89)], 99: [(4, 99), (29, 99), (31, 99), (63, 99), (74, 99)]}"
/datasets_small/graph_images_cr/cr0_gi33.png,"{0: [(0, 64)], 6: [], 16: [], 20: [], 22: [], 25: [], 26: [], 28: [], 30: [], 44: [], 49: [], 55: [], 56: [], 59: [], 62: [], 63: [], 64: [(0, 64)], 65: [], 67: [], 69: [], 71: [], 72: [], 73: [], 74: [], 75: [], 82: [], 91: [], 99: []}"
/datasets_small/graph_images_cr/cr0_gi34.png,"{0: [(0, 42)], 1: [(1, 70), (1, 78)], 3: [(3, 27), (3, 28), (3, 49), (3, 88)], 7: [(7, 13), (7, 24), (7, 71)], 11: [(11, 97)], 13: [(7, 13), (13, 42), (13, 71)], 19: [(19, 42), (19, 79), (19, 93)], 23: [(23, 64), (23, 97)], 24: [(7, 24), (24, 25), (24, 28), (24, 86), (24, 97)], 25: [(24, 25), (25, 71), (25, 78), (25, 79), (25, 93)], 27: [(3, 27), (27, 28), (27, 37), (27, 41), (27, 64), (27, 90)], 28: [(3, 28), (24, 28), (27, 28), (28, 70)], 32: [(32, 79), (32, 88)], 37: [(27, 37), (37, 88), (37, 93)], 40: [(40, 69), (40, 70)], 41: [(27, 41), (41, 79), (41, 86)], 42: [(0, 42), (13, 42), (19, 42)], 46: [(46, 88), (46, 93), (46, 94)], 49: [(3, 49)], 62: [(62, 88)], 64: [(23, 64), (27, 64), (64, 72)], 69: [(40, 69), (69, 88)], 70: [(1, 70), (28, 70), (40, 70), (70, 71)], 71: [(7, 71), (13, 71), (25, 71), (70, 71), (71, 90)], 72: [(64, 72)], 78: [(1, 78), (25, 78)], 79: [(19, 79), (25, 79), (32, 79), (41, 79)], 86: [(24, 86), (41, 86), (86, 97)], 88: [(3, 88), (32, 88), (37, 88), (46, 88), (62, 88), (69, 88), (88, 90), (88, 97)], 90: [(27, 90), (71, 90), (88, 90)], 93: [(19, 93), (25, 93), (37, 93), (46, 93)], 94: [(46, 94)], 96: [], 97: [(11, 97), (23, 97), (24, 97), (86, 97), (88, 97)]}"
/datasets_small/graph_images_cr/cr0_gi35.png,"{1: [(1, 35), (1, 62), (1, 66), (1, 86)], 4: [(4, 23), (4, 37), (4, 66), (4, 80), (4, 86), (4, 91)], 13: [(13, 20), (13, 51)], 16: [(16, 51), (16, 84), (16, 88)], 19: [(19, 37), (19, 62), (19, 66), (19, 98)], 20: [(13, 20), (20, 78), (20, 87), (20, 98)], 22: [(22, 84), (22, 87)], 23: [(4, 23), (23, 88)], 24: [(24, 37), (24, 63), (24, 88)], 26: [(26, 62), (26, 70)], 29: [(29, 29), (29, 37), (29, 62), (29, 80)], 32: [(32, 38), (32, 51), (32, 86), (32, 91)], 35: [(1, 35), (35, 70), (35, 84)], 37: [(4, 37), (19, 37), (24, 37), (29, 37), (37, 49), (37, 66)], 38: [(32, 38), (38, 47), (38, 51)], 47: [(38, 47), (47, 84)], 49: [(37, 49), (49, 91)], 51: [(13, 51), (16, 51), (32, 51), (38, 51), (51, 51), (51, 87)], 62: [(1, 62), (19, 62), (26, 62), (29, 62)], 63: [(24, 63), (63, 66), (63, 97)], 66: [(1, 66), (4, 66), (19, 66), (37, 66), (63, 66), (66, 70)], 70: [(26, 70), (35, 70), (66, 70)], 78: [(20, 78), (78, 80), (78, 88), (78, 97)], 80: [(4, 80), (29, 80), (78, 80), (80, 86), (80, 93), (80, 97)], 84: [(16, 84), (22, 84), (35, 84), (47, 84)], 86: [(1, 86), (4, 86), (32, 86), (80, 86)], 87: [(20, 87), (22, 87), (51, 87)], 88: [(16, 88), (23, 88), (24, 88), (78, 88), (88, 88)], 91: [(4, 91), (32, 91), (49, 91)], 93: [(80, 93)], 97: [(63, 97), (78, 97), (80, 97)], 98: [(19, 98), (20, 98)]}"
/datasets_small/graph_images_cr/cr0_gi36.png,"{0: [], 8: [], 12: [], 22: [(22, 95)], 24: [], 30: [(30, 98)], 31: [(31, 66)], 32: [], 36: [(36, 36), (36, 94)], 46: [], 48: [(48, 94)], 55: [], 58: [], 62: [(62, 74)], 66: [(31, 66)], 74: [(62, 74)], 80: [], 84: [], 94: [(36, 94), (48, 94)], 95: [(22, 95), (95, 95)], 98: [(30, 98)]}"
/datasets_small/graph_images_cr/cr0_gi37.png,"{12: [(12, 25), (12, 43), (12, 50), (12, 55), (12, 82), (12, 99)], 19: [(19, 35), (19, 37), (19, 50), (19, 82), (19, 94)], 25: [(12, 25), (25, 35), (25, 37), (25, 55), (25, 82), (25, 93), (25, 94), (25, 99)], 32: [(32, 35), (32, 43), (32, 82), (32, 99)], 35: [(19, 35), (25, 35), (32, 35), (35, 37), (35, 50), (35, 99)], 37: [(19, 37), (25, 37), (35, 37), (37, 37), (37, 43), (37, 50), (37, 55), (37, 99)], 43: [(12, 43), (32, 43), (37, 43), (43, 50), (43, 53), (43, 94)], 50: [(12, 50), (19, 50), (35, 50), (37, 50), (43, 50), (50, 53), (50, 82), (50, 99)], 53: [(43, 53), (50, 53), (53, 82), (53, 94)], 55: [(12, 55), (25, 55), (37, 55), (55, 55)], 82: [(12, 82), (19, 82), (25, 82), (32, 82), (50, 82), (53, 82), (82, 93), (82, 94), (82, 99)], 93: [(25, 93), (82, 93)], 94: [(19, 94), (25, 94), (43, 94), (53, 94), (82, 94)], 99: [(12, 99), (25, 99), (32, 99), (35, 99), (37, 99), (50, 99), (82, 99)]}"
/datasets_small/graph_images_cr/cr0_gi38.png,"{1: [(1, 73), (1, 85), (1, 92)], 4: [], 5: [(5, 10), (5, 60)], 6: [(6, 49)], 8: [(8, 28), (8, 40), (8, 79)], 9: [(9, 40), (9, 85)], 10: [(5, 10), (10, 28), (10, 48), (10, 50), (10, 60)], 17: [(17, 24), (17, 51), (17, 63)], 22: [(22, 52), (22, 60), (22, 69), (22, 79), (22, 95), (22, 98)], 24: [(17, 24), (24, 50), (24, 81), (24, 98)], 28: [(8, 28), (10, 28), (28, 73), (28, 78)], 29: [(29, 58), (29, 60), (29, 63), (29, 69)], 31: [(31, 48), (31, 50), (31, 98)], 39: [(39, 63), (39, 73)], 40: [(8, 40), (9, 40), (40, 40), (40, 50), (40, 51), (40, 85)], 42: [(42, 60), (42, 81)], 45: [(45, 58)], 48: [(10, 48), (31, 48), (48, 60), (48, 73), (48, 85)], 49: [(6, 49)], 50: [(10, 50), (24, 50), (31, 50), (40, 50), (50, 69), (50, 79)], 51: [(17, 51), (40, 51), (51, 55)], 52: [(22, 52), (52, 55), (52, 63)], 55: [(51, 55), (52, 55), (55, 78), (55, 86), (55, 92)], 58: [(29, 58), (45, 58)], 60: [(5, 60), (10, 60), (22, 60), (29, 60), (42, 60), (48, 60), (60, 78), (60, 85), (60, 95)], 63: [(17, 63), (29, 63), (39, 63), (52, 63), (63, 80), (63, 92)], 69: [(22, 69), (29, 69), (50, 69), (69, 79), (69, 96), (69, 98)], 71: [], 73: [(1, 73), (28, 73), (39, 73), (48, 73)], 78: [(28, 78), (55, 78), (60, 78), (78, 85), (78, 92), (78, 96)], 79: [(8, 79), (22, 79), (50, 79), (69, 79)], 80: [(63, 80), (80, 95)], 81: [(24, 81), (42, 81)], 85: [(1, 85), (9, 85), (40, 85), (48, 85), (60, 85), (78, 85), (85, 86)], 86: [(55, 86), (85, 86)], 92: [(1, 92), (55, 92), (63, 92), (78, 92)], 95: [(22, 95), (60, 95), (80, 95)], 96: [(69, 96), (78, 96)], 98: [(22, 98), (24, 98), (31, 98), (69, 98)]}"
/datasets_small/graph_images_cr/cr0_gi39.png,"{9: [(9, 16)], 15: [(15, 44), (15, 71)], 16: [(9, 16)], 26: [], 36: [(36, 44), (36, 71), (36, 85)], 44: [(15, 44), (36, 44), (44, 71)], 71: [(15, 71), (36, 71), (44, 71)], 85: [(36, 85), (85, 85)]}"
/datasets_small/graph_images_cr/cr0_gi40.png,"{11: [(11, 11), (11, 14), (11, 20), (11, 32), (11, 38), (11, 51), (11, 76), (11, 81), (11, 90)], 14: [(11, 14), (14, 51), (14, 80), (14, 81), (14, 87)], 20: [(11, 20), (20, 20), (20, 33), (20, 38), (20, 62), (20, 76), (20, 81), (20, 87)], 23: [(23, 31), (23, 32), (23, 51), (23, 62), (23, 70), (23, 90)], 31: [(23, 31), (31, 81), (31, 90)], 32: [(11, 32), (23, 32), (32, 32), (32, 33), (32, 51), (32, 62), (32, 70), (32, 87), (32, 90)], 33: [(20, 33), (32, 33), (33, 33), (33, 38), (33, 52), (33, 76), (33, 80), (33, 81), (33, 87), (33, 90)], 38: [(11, 38), (20, 38), (33, 38), (38, 52), (38, 70)], 51: [(11, 51), (14, 51), (23, 51), (32, 51), (51, 52), (51, 70), (51, 80)], 52: [(33, 52), (38, 52), (51, 52), (52, 62), (52, 90)], 62: [(20, 62), (23, 62), (32, 62), (52, 62), (62, 81)], 70: [(23, 70), (32, 70), (38, 70), (51, 70), (70, 80), (70, 87), (70, 90)], 76: [(11, 76), (20, 76), (33, 76), (76, 81)], 80: [(14, 80), (33, 80), (51, 80), (70, 80), (80, 80), (80, 87)], 81: [(11, 81), (14, 81), (20, 81), (31, 81), (33, 81), (62, 81), (76, 81), (81, 81), (81, 87)], 87: [(14, 87), (20, 87), (32, 87), (33, 87), (70, 87), (80, 87), (81, 87), (87, 87)], 90: [(11, 90), (23, 90), (31, 90), (32, 90), (33, 90), (52, 90), (70, 90)]}"
/datasets_small/graph_images_cr/cr0_gi41.png,"{8: [(8, 8), (8, 16), (8, 46), (8, 47), (8, 52), (8, 59), (8, 75), (8, 84)], 14: [(14, 16), (14, 47), (14, 49), (14, 52), (14, 55), (14, 59), (14, 75)], 16: [(8, 16), (14, 16), (16, 16), (16, 46), (16, 52), (16, 55), (16, 59), (16, 75)], 46: [(8, 46), (16, 46), (46, 47), (46, 49), (46, 55)], 47: [(8, 47), (14, 47), (46, 47), (47, 47), (47, 52), (47, 55), (47, 59), (47, 75), (47, 84)], 49: [(14, 49), (46, 49), (49, 49), (49, 52), (49, 59), (49, 75), (49, 84)], 52: [(8, 52), (14, 52), (16, 52), (47, 52), (49, 52), (52, 55), (52, 59), (52, 84)], 55: [(14, 55), (16, 55), (46, 55), (47, 55), (52, 55), (55, 55), (55, 59), (55, 75), (55, 84)], 59: [(8, 59), (14, 59), (16, 59), (47, 59), (49, 59), (52, 59), (55, 59), (59, 75), (59, 84)], 75: [(8, 75), (14, 75), (16, 75), (47, 75), (49, 75), (55, 75), (59, 75)], 84: [(8, 84), (47, 84), (49, 84), (52, 84), (55, 84), (59, 84)]}"
/datasets_small/graph_images_cr/cr0_gi42.png,"{6: [], 9: [], 10: [], 12: [], 13: [], 15: [(15, 38)], 24: [], 25: [], 34: [], 37: [], 38: [(15, 38), (38, 40)], 40: [(38, 40)], 43: [], 45: [], 46: [(46, 94)], 47: [], 48: [], 53: [], 61: [], 64: [], 69: [], 74: [], 75: [], 79: [], 80: [], 82: [], 87: [], 90: [], 93: [], 94: [(46, 94)], 95: [], 96: [], 97: [], 99: []}"
/datasets_small/graph_images_cr/cr0_gi43.png,"{2: [(2, 37)], 3: [(3, 14), (3, 72), (3, 79)], 4: [(4, 52), (4, 88)], 5: [(5, 14), (5, 99)], 8: [], 14: [(3, 14), (5, 14)], 17: [(17, 42), (17, 79), (17, 80)], 26: [(26, 36), (26, 77), (26, 85)], 27: [(27, 31), (27, 63)], 31: [(27, 31)], 36: [(26, 36), (36, 43), (36, 71), (36, 79), (36, 99)], 37: [(2, 37), (37, 79)], 42: [(17, 42), (42, 43), (42, 55), (42, 80)], 43: [(36, 43), (42, 43), (43, 46), (43, 52), (43, 74)], 46: [(43, 46), (46, 52), (46, 63)], 52: [(4, 52), (43, 52), (46, 52)], 53: [(53, 88), (53, 92)], 55: [(42, 55)], 57: [], 61: [(61, 74), (61, 80), (61, 99)], 63: [(27, 63), (46, 63), (63, 76), (63, 99)], 71: [(36, 71), (71, 72), (71, 80), (71, 92), (71, 99)], 72: [(3, 72), (71, 72)], 74: [(43, 74), (61, 74)], 76: [(63, 76), (76, 99)], 77: [(26, 77)], 79: [(3, 79), (17, 79), (36, 79), (37, 79)], 80: [(17, 80), (42, 80), (61, 80), (71, 80)], 85: [(26, 85)], 88: [(4, 88), (53, 88)], 92: [(53, 92), (71, 92), (92, 92)], 99: [(5, 99), (36, 99), (61, 99), (63, 99), (71, 99), (76, 99)]}"
/datasets_small/graph_images_cr/cr0_gi44.png,"{10: [], 22: [(22, 48)], 25: [(25, 58)], 34: [(34, 75)], 42: [], 48: [(22, 48)], 58: [(25, 58)], 59: [(59, 75)], 75: [(34, 75), (59, 75), (75, 93)], 78: [], 79: [], 81: [], 90: [], 91: [], 93: [(75, 93)], 94: []}"
/datasets_small/graph_images_cr/cr0_gi45.png,"{1: [(1, 26), (1, 54), (1, 75), (1, 99)], 16: [(16, 26), (16, 35), (16, 54)], 26: [(1, 26), (16, 26), (26, 37), (26, 75), (26, 91), (26, 99)], 35: [(16, 35), (35, 35), (35, 54), (35, 91), (35, 99)], 37: [(26, 37), (37, 54), (37, 75), (37, 91)], 54: [(1, 54), (16, 54), (35, 54), (37, 54), (54, 54), (54, 91), (54, 99)], 75: [(1, 75), (26, 75), (37, 75)], 91: [(26, 91), (35, 91), (37, 91), (54, 91), (91, 99)], 99: [(1, 99), (26, 99), (35, 99), (54, 99), (91, 99)]}"
/datasets_small/graph_images_cr/cr0_gi46.png,"{0: [(0, 0), (0, 36), (0, 40), (0, 46), (0, 53), (0, 77), (0, 99)], 36: [(0, 36), (36, 36), (36, 40), (36, 46), (36, 53), (36, 77), (36, 99)], 40: [(0, 40), (36, 40), (40, 40), (40, 53), (40, 77), (40, 99)], 46: [(0, 46), (36, 46), (46, 46), (46, 53), (46, 77)], 53: [(0, 53), (36, 53), (40, 53), (46, 53), (53, 53), (53, 77)], 77: [(0, 77), (36, 77), (40, 77), (46, 77), (53, 77), (77, 99)], 99: [(0, 99), (36, 99), (40, 99), (77, 99), (99, 99)]}"
/datasets_small/graph_images_cr/cr0_gi47.png,"{7: [(7, 94)], 10: [(10, 68), (10, 96)], 15: [], 17: [], 27: [(27, 64)], 56: [], 64: [(27, 64)], 68: [(10, 68)], 87: [(87, 94)], 94: [(7, 94), (87, 94)], 96: [(10, 96)]}"
/datasets_small/graph_images_cr/cr0_gi48.png,"{0: [(0, 0)], 6: [], 13: [(13, 45), (13, 98)], 17: [], 20: [], 21: [(21, 55), (21, 93)], 25: [(25, 81)], 28: [(28, 60)], 29: [(29, 44), (29, 89)], 37: [(37, 80)], 41: [(41, 60)], 44: [(29, 44), (44, 65)], 45: [(13, 45)], 50: [], 53: [], 55: [(21, 55)], 57: [(57, 89)], 60: [(28, 60), (41, 60)], 61: [], 65: [(44, 65), (65, 81)], 73: [], 80: [(37, 80)], 81: [(25, 81), (65, 81), (81, 91)], 86: [], 89: [(29, 89), (57, 89), (89, 91)], 91: [(81, 91), (89, 91)], 93: [(21, 93)], 96: [], 98: [(13, 98)], 99: []}"
/datasets_small/graph_images_cr/cr0_gi49.png,"{0: [(0, 32), (0, 60), (0, 69)], 1: [(1, 56), (1, 65), (1, 72), (1, 99)], 2: [(2, 74)], 10: [(10, 17), (10, 47), (10, 71)], 16: [(16, 24), (16, 47), (16, 68), (16, 74), (16, 99)], 17: [(10, 17), (17, 69), (17, 93)], 24: [(16, 24), (24, 47), (24, 52), (24, 60), (24, 66), (24, 71)], 32: [(0, 32)], 34: [(34, 72)], 38: [(38, 47)], 47: [(10, 47), (16, 47), (24, 47), (38, 47), (47, 66)], 49: [(49, 65)], 52: [(24, 52), (52, 95)], 53: [], 56: [(1, 56), (56, 93)], 60: [(0, 60), (24, 60), (60, 74)], 65: [(1, 65), (49, 65)], 66: [(24, 66), (47, 66), (66, 68), (66, 74), (66, 78), (66, 99)], 68: [(16, 68), (66, 68), (68, 78)], 69: [(0, 69), (17, 69)], 71: [(10, 71), (24, 71)], 72: [(1, 72), (34, 72), (72, 95)], 74: [(2, 74), (16, 74), (60, 74), (66, 74), (74, 74)], 78: [(66, 78), (68, 78)], 93: [(17, 93), (56, 93)], 95: [(52, 95), (72, 95)], 99: [(1, 99), (16, 99), (66, 99)]}"
